Chr	SNP	bp	refA	freq	b	se	p	CS
2	rs12616536	45956545	A	0.0042	0.9649	0.1927	5.52088e-07	4642
2	rs13415932	211478366	C	0.0396	-0.4076	0.0818	6.26432e-07	302
3	rs75405916	120972200	C	4e-04	2.8485	0.5716	6.24831e-07	3838
3	rs9864772	128316939	G	0.605	0.1492	0.0286	1.82057e-07	60
3	rs77249081	159633461	G	0.0075	1.2378	0.2362	1.60165e-07	2067
3	rs74676712	160284736	T	0.1061	0.2682	0.0454	3.47362e-09	134
3	rs12491785	168846701	T	0.6062	-0.1658	0.0283	4.66625e-09	20
4	rs1548483	105749895	T	0.0391	0.6964	0.0738	3.86122e-21	2
5	rs60833263	1100831	A	0.5462	-0.1397	0.0287	1.12964e-06	111
5	rs4131149	1138335	G	0.4279	0.1511	0.0295	3.02258e-07	6
5	rs7705526	1285974	A	0.3376	0.4592	0.0314	1.9686e-48	1
5	rs2853677	1287194	A	0.5773	-0.3712	0.0285	8.87093e-39	1
5	rs56084922	111061883	G	0.0729	-0.287	0.0586	9.70089e-07	33
6	rs9275373	32668411	A	0.111	0.2444	0.0481	3.75293e-07	374
6	rs116466979	34235378	C	0.0453	0.4024	0.0681	3.4428e-09	44
7	rs1860826	2112506	A	0.3545	0.1502	0.0297	4.2537e-07	162
7	rs62471615	130746955	A	0.7047	-0.2558	0.0316	5.72941e-16	4
9	rs7868130	4998401	T	0.2695	0.6917	0.0304	1.33134e-114	4
9	rs75035022	5149250	T	0.0311	0.7771	0.0764	2.65877e-24	377
9	rs621940	135870130	G	0.1572	0.2168	0.0368	3.83159e-09	18
11	rs1800057	108143456	G	0.0262	0.4763	0.0801	2.74243e-09	36
12	rs7310615	111865049	G	0.515	-0.2648	0.0286	2.06856e-20	4
13	rs7323267	41204015	C	0.2031	0.1778	0.0336	1.21207e-07	44
13	rs9545761	82102166	C	0.6023	-0.1399	0.0283	7.6747e-07	282
14	rs144202762	28341915	A	0.006	0.8387	0.1676	5.61013e-07	3546
20	rs816925	62651978	A	0.4356	-0.1462	0.0296	7.84481e-07	238
21	rs55857134	36347627	C	0.3339	0.1731	0.0302	9.93774e-09	9
22	rs17879961	29121087	G	0.0174	0.953	0.1941	9.11506e-07	652
