celltype	pval
HSC	0.0190237145756691
MPP	0.0169716584065392
LMPP	0.00186215090155461
CLP	0.527836487217226
GMP-A	0.980092704914346
GMP-B	0.717811169890798
GMP-C	0.559367232284513
CMP	0.0328693149079381
MEP	0.0338974950387855
NK	0.905666087731701
CD4	0.810791708020787
CD8	0.910566519637733
B	0.853850852985136
pDC	0.259657233793445
Mono	0.747403248354978
Ery	0.999510381671524
