locus	SNP	Chr	bp	risk	nonrisk	RAF	OR	OR_95CI	pvalue	meta_pval	nearest_gene	other_genes
3q21.3	rs9864772	chr3	128316939	G	A	0.605	1.16	1.1-1.23	1.988e-07	2.63880981683679e-08	GATA2	
3q25.33	rs74676712	chr3	160284736	T	C	0.1062	1.31	1.2-1.43	3.35e-09	2.64036244636728e-11	KPNA4	
3q26.2	rs12491785	chr3	168846701	C	T	0.3938	1.18	1.12-1.25	4.508e-09	5.79885639637593e-10	MECOM	
4q24	rs1548483	chr4	105749895	T	C	0.0391	2.01	1.74-2.32	3.982e-21	6.00853779597643e-30	TET2	
5p15.33	rs7705526	chr5	1285974	A	C	0.3376	1.58	1.49-1.68	1.881e-48	1.88086115868771e-54	TERT	
5p15.33	rs2853677	chr5	1287194	G	A	0.4227	1.45	1.37-1.53	8.401e-39	1.65666658075455e-48	TERT	
6p21.31	rs116466979	chr6	34235378	C	T	0.0453	1.5	1.31-1.71	3.342e-09	2.30901289981095e-12	NUDT3	HMGA1
7q32.3	rs62471615	chr7	130746955	C	A	0.2953	1.29	1.21-1.37	6.058e-16	2.30927221894924e-17	MKLN1	
9p24.1	rs7868130	chr9	4998401	T	C	0.2695	2	1.88-2.12	9e-115	1.22100655309415e-147	JAK2	
9p24.1	rs75035022	chr9	5149250	T	C	0.0311	2.18	1.87-2.53	2.674e-24	2.03294097310305e-24	INSL6	JAK2
9q34.13	rs621940	chr9	135870130	G	C	0.1572	1.24	1.16-1.33	4.134e-09	1.82862266735605e-11	GFI1B	
11q22.3	rs1800057	chr11	108143456	G	C	0.0262	1.61	1.38-1.89	2.598e-09	7.26612232377329e-10	ATM	
12q24.12	rs7310615	chr12	111865049	C	G	0.485	1.3	1.23-1.38	2.123e-20	2.90925030899963e-21	SH2B3	ATXN2
13q14.11	rs7323267	chr13	41204015	C	T	0.2031	1.19	1.12-1.28	1.15e-07	6.31390873172808e-09	FOXO1	
21q22.12	rs55857134	chr21	36347627	C	T	0.3339	1.19	1.12-1.26	1.009e-08	1.04825552502098e-09	RUNX1	
