rsid	nearest_gene	risk	maf	pval_MPN	OR_MPN	OR_95CI_MPN	pval_AML	OR_AML	OR_95CI_AML
rs9864772	GATA2	G	0.3925	2.742e-07	1.15	1.09-1.21	0.233278999744606	1.06	0.96-1.17
rs77249081	IQCJSCHIP1	G	0.0096	8.037e-11	3.7	2.49-5.49	0.00239460749737886	2.93	1.46-5.88
rs74676712	KPNA4	T	0.1138	3.568e-10	1.3	1.2-1.41	0.450994842383098	1.06	0.91-1.24
rs9847631	MECOM	T	0.3979	7.062e-09	1.17	1.11-1.23	0.0325070961627383	0.9	0.82-0.99
rs62329718	TET2	A	0.0374	7.461e-27	2.11	1.84-2.42	0.604930545418773	1.07	0.84-1.35
rs7705526	TERT	A	0.3358	4.778e-54	1.58	1.49-1.67	0.00145191155469988	1.18	1.07-1.31
rs2853677	TERT	G	0.4176	2.788e-44	1.46	1.38-1.54	0.000228231404597483	1.2	1.09-1.32
rs116466979	NUDT3	C	0.0453	3.342e-09	1.5	1.31-1.71	0.0107925463470956	0.76	0.62-0.94
rs62471615	MKLN1	C	0.3037	6.552e-19	1.3	1.23-1.38	0.721386434226965	1.02	0.92-1.13
rs1327494	JAK2	G	0.2735	3.07e-128	2	1.89-2.12	0.751879585269424	0.98	0.88-1.09
rs1633768	GFI1B	T	0.2708	1.025e-09	1.2	1.13-1.27	0.512820593917238	1.04	0.93-1.16
rs1800057	ATM	G	0.0255	1.998e-10	1.65	1.41-1.92	0.0183825679088899	1.43	1.06-1.94
rs7310615	SH2B3	C	0.4768	3.052e-19	1.27	1.21-1.34	0.586879786427887	0.97	0.89-1.07
rs8002412	MRPS31	C	0.1803	2.585e-08	1.2	1.13-1.29	0.0612840418488824	1.13	0.99-1.27
rs9946154	ZNF521	T	0.3564	6.951e-07	1.15	1.09-1.21	0.423957939255301	1.04	0.94-1.15
rs55857134	RUNX1	C	0.3353	1.628e-08	1.17	1.11-1.24	0.798594410375935	1.01	0.91-1.13
rs17879961	CHEK2	G	0.0221	1.118e-07	2.23	1.66-3	0.0367289555878173	1.95	1.04-3.66
