p_thresh	num_variants	auroc
1	429777 / 429794	0.631874504107953
5e-3	6517 / 6517	0.639584630203478
1e-3	1710 / 1710	0.650300627362311
5e-4	982 / 982	0.652372394592826
1e-4	313 / 313	0.661623171324046
5e-5	194 / 194	0.664044545910622
1e-5	92 / 92	0.668135064602819
1e-6	46 / 46	0.665979454116698
5e-8	30 / 30	0.661194531075841
