p_thresh	num_variants	auroc
5e-3	6774 / 6774	0.641895273705949
1e-3	1878 / 1878	0.650141292836179
5e-4	1125 / 1125	0.651632666081417
1e-4	311 / 311	0.66311194150001
5e-5	204 / 204	0.664068226830145
1e-5	104 / 104	0.666535339447131
1e-6	53 / 53	0.665272706108526
5e-8	36 / 36	0.661274529659193
