Chr	SNP	bp	refA	freq	b	se	p	CS
2	rs12616536	45956545	A	0.0042	0.8979	0.1828	9.01863e-07	4404
3	rs75405916	120972200	C	4e-04	2.8275	0.5713	7.45044e-07	4003
3	rs9864772	128316939	G	0.6075	0.139	0.027	2.63071e-07	121
3	rs77249081	159633461	G	0.0096	1.3079	0.2012	8.00551e-11	793
3	rs74676712	160284736	T	0.1138	0.2626	0.0419	3.67355e-10	107
3	rs9847631	168832107	G	0.6021	-0.1537	0.0265	6.63149e-09	25
4	rs62329718	105758059	A	0.0374	0.7468	0.0696	7.36878e-27	3
5	rs60833263	1100831	A	0.5499	-0.1321	0.0271	1.09063e-06	45
5	rs7713981	1137320	A	0.4369	0.1607	0.0275	5.10735e-09	4
5	rs7705526	1285974	A	0.3358	0.4571	0.0295	3.75456e-54	1
5	rs2853677	1287194	A	0.5824	-0.3762	0.027	3.97368e-44	1
5	rs250763	76086597	T	0.2305	0.1514	0.0309	9.59946e-07	16
6	rs116466979	34235378	C	0.0453	0.4031	0.0682	3.40952e-09	28
7	rs1860826	2112506	A	0.3536	0.139	0.0279	6.29048e-07	118
7	rs62471615	130746955	A	0.6963	-0.2634	0.0297	7.40135e-19	4
9	rs1327494	4999303	G	0.2735	0.6945	0.0288	1.7577e-128	3
9	rs1633768	135879138	T	0.2708	0.1786	0.0293	1.09053e-09	20
11	rs1800057	108143456	G	0.0255	0.4994	0.0785	1.99424e-10	36
12	rs7310615	111865049	G	0.5232	-0.2421	0.027	3.05623e-19	5
13	rs8002412	41331497	C	0.1803	0.1856	0.0333	2.49566e-08	39
14	rs144202762	28341915	A	0.006	0.8389	0.1676	5.57549e-07	3545
14	rs17099613	101164715	A	0.1128	-0.2292	0.0455	4.7199e-07	22
18	rs9946154	22810619	C	0.3564	-0.1371	0.0276	6.78596e-07	26
21	rs55857134	36347627	C	0.3353	0.1606	0.0284	1.5591e-08	12
22	rs17879961	29121087	G	0.0221	0.8032	0.1514	1.12579e-07	1246
